dataset,accuracy,accuracy_ci_low,accuracy_ci_high,avg_hallucination_score,avg_confidence,samples,sample_type
TruthfulQA,0.8666666666666667,0.0,1.0,0.1933333333333333,0.8500000000000003,30,myth_detection
SQuAD,1.0,1.0,1.0,0.10000000000000005,0.8500000000000003,30,reading_comprehension
HotpotQA,0.8666666666666667,0.0,1.0,0.19333333333333325,0.8500000000000003,30,multi_hop_reasoning
